year_arr,British_emb,British_dis,French_emb,French_dis,Dutch_emb,Dutch_dis,US_emb,US_dis,Dan_emb,Dan_dis,Span_emb,Span_dis,Port_emb,Port_dis,Total_emb,Total_dis,,,
1501,0,0,0,0,0,0,0,0,0,0,95,67,95,67,190,133,,,
1502,0,0,0,0,0,0,0,0,0,0,95,67,95,67,190,133,,,
1503,0,0,0,0,0,0,0,0,0,0,95,67,95,67,190,133,,,
1504,0,0,0,0,0,0,0,0,0,0,95,67,95,67,190,133,,,
1505,0,0,0,0,0,0,0,0,0,0,95,67,95,67,190,133,,,
1506,0,0,0,0,0,0,0,0,0,0,95,67,95,67,190,133,,,
1507,0,0,0,0,0,0,0,0,0,0,95,67,95,67,190,133,,,
1508,0,0,0,0,0,0,0,0,0,0,95,67,95,67,190,133,,,
1509,0,0,0,0,0,0,0,0,0,0,95,67,95,67,190,133,,,
1510,0,0,0,0,0,0,0,0,0,0,95,67,95,67,190,133,,,
1511,0,0,0,0,0,0,0,0,0,0,95,67,95,67,190,133,,,
1512,0,0,0,0,0,0,0,0,0,0,95,67,95,67,190,133,,,
1513,0,0,0,0,0,0,0,0,0,0,95,67,95,67,190,133,,,
1514,0,0,0,0,0,0,0,0,0,0,95,67,332,235,427,301,,,
1515,0,0,0,0,0,0,0,0,0,0,95,67,95,67,190,133,,,
1516,0,0,0,0,0,0,0,0,0,0,786,550,"1,186",834,"1,971","1,384",,,
1517,0,0,0,0,0,0,0,0,0,0,786,550,786,550,"1,571","1,100",,,
1518,0,0,0,0,0,0,0,0,0,0,786,550,786,550,"1,571","1,100",,,
1519,0,0,0,0,0,0,0,0,0,0,786,550,786,550,"1,571","1,100",,,
1520,0,0,0,0,0,0,0,0,0,0,786,550,786,550,"1,571","1,100",,,
1521,0,0,0,0,0,0,0,0,0,0,202,141,202,141,404,283,,,
1522,0,0,0,0,0,0,0,0,0,0,202,141,202,141,404,283,,,
1523,0,0,0,0,0,0,0,0,0,0,202,141,202,141,404,283,,,
1524,0,0,0,0,0,0,0,0,0,0,202,141,202,141,404,283,,,
1525,0,0,0,0,0,0,0,0,0,0,202,141,202,141,404,283,,,
1526,0,0,0,0,0,0,0,0,0,0,897,628,897,628,"1,794","1,256",,,
1527,0,0,0,0,0,0,0,0,0,0,897,628,897,628,"1,794","1,256",,,
1528,0,0,0,0,0,0,0,0,0,0,897,628,897,628,"1,794","1,256",,,
1529,0,0,0,0,0,0,0,0,0,0,897,628,897,628,"1,794","1,256",,,
1530,0,0,0,0,0,0,0,0,0,0,897,628,897,628,"1,794","1,256",,,
1531,0,0,0,0,0,0,0,0,0,0,860,602,860,602,"1,719","1,203",,,
1532,0,0,0,0,0,0,0,0,0,0,860,602,860,602,"1,719","1,203",,,
1533,0,0,0,0,0,0,0,0,0,0,860,602,860,602,"1,719","1,203",,,
1534,0,0,0,0,0,0,0,0,0,0,860,602,860,602,"1,719","1,203",,,
1535,0,0,0,0,0,0,0,0,0,0,860,602,860,602,"1,719","1,203",,,
1536,0,0,0,0,0,0,0,0,0,0,578,405,578,405,"1,157",810,,,
1537,0,0,0,0,0,0,0,0,0,0,578,405,578,405,"1,157",810,,,
1538,0,0,0,0,0,0,0,0,0,0,578,405,578,405,"1,157",810,,,
1539,0,0,0,0,0,0,0,0,0,0,578,405,578,405,"1,157",810,,,
1540,0,0,0,0,0,0,0,0,0,0,578,405,578,405,"1,157",810,,,
1541,0,0,0,0,0,0,0,0,0,0,"1,796","1,257","1,796","1,257","3,591","2,514",,,
1542,0,0,0,0,0,0,0,0,0,0,"1,796","1,257","1,796","1,257","3,591","2,514",,,
1543,0,0,0,0,0,0,0,0,0,0,"1,796","1,257","1,796","1,257","3,591","2,514",,,
1544,0,0,0,0,0,0,0,0,0,0,"1,796","1,257","1,796","1,257","3,591","2,514",,,
1545,0,0,0,0,0,0,0,0,0,0,"1,796","1,257","1,796","1,257","3,591","2,514",,,
1546,0,0,0,0,0,0,0,0,0,0,942,659,942,659,"1,883","1,318",,,
1547,0,0,0,0,0,0,0,0,0,0,942,659,942,659,"1,883","1,318",,,
1548,0,0,0,0,0,0,0,0,0,0,942,659,942,659,"1,883","1,318",,,
1549,0,0,0,0,0,0,0,0,0,0,942,659,942,659,"1,883","1,318",,,
1550,0,0,0,0,0,0,0,0,0,0,942,659,942,659,"1,883","1,318",,,
1551,0,0,0,0,0,0,0,0,0,0,137,96,137,96,275,192,,,
1552,0,0,0,0,0,0,0,0,0,0,137,96,137,96,275,192,,,
1553,0,0,0,0,0,0,0,0,0,0,137,96,137,96,275,192,,,
1554,0,0,0,0,0,0,0,0,0,0,137,96,137,96,275,192,,,
1555,0,0,0,0,0,0,0,0,0,0,137,96,137,96,275,192,,,
1556,94,67,0,0,0,0,0,0,0,0,427,299,427,299,947,664,,,
1557,0,0,0,0,0,0,0,0,0,0,427,299,427,299,853,597,,,
1558,0,0,0,0,0,0,0,0,0,0,427,299,427,299,853,597,,,
1559,0,0,0,0,0,0,0,0,0,0,427,299,427,299,853,597,,,
1560,0,0,0,0,0,0,0,0,0,0,427,299,427,299,853,597,,,
1561,0,0,0,0,0,0,0,0,0,0,"2,335","1,634","2,454","1,734","4,788","3,368",,,
1562,0,0,0,0,0,0,0,0,0,0,"2,335","1,634","2,462","1,741","4,796","3,375",,,
1563,300,213,0,0,0,0,0,0,0,0,"2,335","1,634","2,470","1,748","5,105","3,595",,,
1564,0,0,0,0,0,0,0,0,0,0,"2,335","1,634","2,479","1,756","4,814","3,390",,,
1565,400,284,0,0,0,0,0,0,0,0,"2,335","1,634","2,489","1,764","5,224","3,682",,,
1566,0,0,0,0,0,0,0,0,0,0,"1,415",991,"1,580","1,129","2,995","2,120",,,
1567,423,300,0,0,0,0,0,0,0,0,"1,415",991,"1,591","1,138","3,429","2,429",,,
1568,468,324,0,0,0,0,0,0,0,0,"1,415",991,"1,603","1,148","3,486","2,463",,,
1569,0,0,0,0,0,0,0,0,0,0,"1,415",991,"1,615","1,159","3,031","2,149",,,
1570,0,0,0,0,0,0,0,0,0,0,"1,415",991,"1,629","1,170","3,044","2,161",,,
1571,0,0,66,50,0,0,0,0,0,0,"1,317",922,"1,546","1,114","2,928","2,086",,,
1572,0,0,0,0,0,0,0,0,0,0,"1,317",922,"1,561","1,127","2,878","2,049",,,
1573,0,0,0,0,0,0,0,0,0,0,"1,317",922,"1,577","1,140","2,895","2,063",,,
1574,0,0,0,0,0,0,0,0,0,0,"1,317",922,"1,595","1,155","2,912","2,077",,,
1575,0,0,0,0,0,0,0,0,0,0,"1,317",922,"1,613","1,171","2,931","2,093",,,
1576,0,0,0,0,0,0,0,0,0,0,"1,291",904,"1,607","1,169","2,898","2,073",,,
1577,0,0,0,0,0,0,0,0,0,0,"1,291",904,"1,628","1,187","2,919","2,091",,,
1578,0,0,0,0,0,0,0,0,0,0,"1,291",904,"1,651","1,206","2,942","2,110",,,
1579,0,0,0,0,0,0,0,0,0,0,"1,291",904,"1,675","1,226","2,966","2,130",,,
1580,0,0,0,0,0,0,0,0,0,0,"1,291",904,"1,901","1,418","3,192","2,322",,,
1581,0,0,0,0,0,0,0,0,0,0,"2,198","1,539","2,853","2,091","5,052","3,630",,,
1582,0,0,0,0,0,0,0,0,0,0,"2,198","1,539","2,902","2,132","5,101","3,671",,,
1583,237,168,0,0,0,0,0,0,0,0,"2,198","1,539","2,955","2,177","5,390","3,884",,,
1584,0,0,0,0,0,0,0,0,0,0,"2,198","1,539","3,011","2,225","5,210","3,764",,,
1585,0,0,0,0,0,0,0,0,0,0,"2,198","1,539","3,072","2,276","5,271","3,815",,,
1586,0,0,0,0,0,0,0,0,0,0,"2,541","1,778","3,480","2,571","6,021","4,349",,,
1587,0,0,0,0,0,0,0,0,0,0,"2,541","1,778","3,551","2,631","6,091","4,409",,,
1588,0,0,0,0,0,0,0,0,0,0,"2,541","1,778","3,627","2,695","6,167","4,473",,,
1589,0,0,0,0,0,0,0,0,0,0,"2,541","1,778","3,709","2,764","6,249","4,542",,,
1590,0,0,0,0,0,0,0,0,0,0,"2,541","1,778","3,797","2,838","6,337","4,617",,,
1591,0,0,0,0,0,0,0,0,0,0,"1,043",730,"2,394","1,870","3,436","2,600",,,
1592,0,0,0,0,0,0,0,0,0,0,"1,043",730,"2,496","1,956","3,538","2,686",,,
1593,0,0,0,0,0,0,0,0,0,0,"1,043",730,"2,606","2,049","3,649","2,779",,,
1594,0,0,0,0,0,0,0,0,0,0,"1,043",730,"2,725","2,150","3,767","2,879",,,
1595,0,0,0,0,0,0,0,0,0,0,"4,289","3,002","6,099","4,530","10,387","7,532",,,
1596,0,0,0,0,83,58,0,0,0,0,"4,289","3,002","6,420","4,776","10,791","7,836",,,
1597,0,0,0,0,"1,002",861,0,0,0,0,"4,289","3,002","6,385","4,772","11,676","8,635",,,
1598,0,0,0,0,280,241,0,0,0,0,"4,289","3,002","6,545","4,907","11,114","8,150",,,
1599,0,0,0,0,0,0,0,0,0,0,"4,289","3,002","6,718","5,053","11,006","8,055",,,
1600,0,0,0,0,0,0,0,0,0,0,"4,289","3,002","6,904","5,210","11,193","8,212",,,
1601,0,0,0,0,0,0,0,0,0,0,"1,904","1,333","4,720","3,711","6,625","5,044",,,
1602,0,0,0,0,0,0,0,0,0,0,"1,904","1,333","4,937","3,893","6,841","5,227",,,
1603,0,0,0,0,0,0,0,0,0,0,"1,904","1,333","5,170","4,091","7,074","5,424",,,
1604,0,0,0,0,334,287,0,0,0,0,"1,904","1,333","5,422","4,303","7,660","5,923",,,
1605,0,0,0,0,0,0,0,0,0,0,"1,904","1,333","5,693","4,533","7,597","5,866",,,
1606,0,0,0,0,544,470,0,0,0,0,"3,162","2,213","7,243","5,660","10,949","8,344",,,
1607,0,0,0,0,0,0,0,0,0,0,"3,162","2,213","7,696","6,024","10,858","8,238",,,
1608,0,0,0,0,0,0,0,0,0,0,"3,162","2,213","7,900","6,215","11,062","8,429",,,
1609,0,0,0,0,0,0,0,0,0,0,"3,162","2,213","8,268","6,526","11,430","8,740",,,
1610,0,0,0,0,0,0,0,0,0,0,"3,162","2,213","8,665","6,862","11,827","9,075",,,
1611,0,0,0,0,0,0,0,0,0,0,"1,045",731,"6,976","5,742","8,021","6,474",,,
1612,0,0,0,0,334,287,0,0,0,0,"1,045",731,"7,559","6,219","8,938","7,237",,,
1613,0,0,0,0,0,0,0,0,0,0,"1,045",731,"7,938","6,556","8,983","7,287",,,
1614,0,0,0,0,0,0,0,0,0,0,"1,045",731,"8,477","7,011","9,522","7,743",,,
1615,0,0,0,0,617,532,0,0,0,0,"1,045",731,"9,059","7,504","10,721","8,768",,,
1616,0,0,0,0,0,0,0,0,0,0,"5,151","3,606","13,794","10,910","18,945","14,515",,,
1617,0,0,0,0,0,0,0,0,0,0,"5,151","3,606","14,473","11,484","19,624","15,089",,,
1618,0,0,0,0,0,0,0,0,0,0,"5,151","3,606","16,054","12,840","21,205","16,446",,,
1619,0,0,0,0,0,0,0,0,0,0,"5,151","3,606","15,998","12,774","21,149","16,380",,,
1620,0,0,0,0,0,0,0,0,0,0,"5,151","3,606","16,673","13,492","21,824","17,097",,,
1621,0,0,0,0,0,0,0,0,0,0,"5,437","3,806","16,960","13,692","22,397","17,498",,,
1622,0,0,0,0,0,0,0,0,0,0,"5,437","3,806","16,960","13,692","22,397","17,498",,,
1623,0,0,0,0,0,0,0,0,0,0,"5,437","3,806","16,960","13,692","22,397","17,498",,,
1624,0,0,0,0,0,0,0,0,0,0,"5,437","3,806","16,960","13,692","22,397","17,498",,,
1625,0,0,0,0,0,0,0,0,0,0,"5,437","3,806","16,960","13,692","22,397","17,498",,,
1626,0,0,0,0,0,0,0,0,0,0,"1,797","1,258","13,320","11,144","15,117","12,402",,,
1627,0,0,0,0,0,0,0,0,0,0,"1,797","1,258","13,604","11,390","15,401","12,647",,,
1628,141,100,0,0,0,0,0,0,0,0,"1,797","1,258","13,320","11,144","15,257","12,502",,,
1629,0,0,0,0,0,0,0,0,0,0,"1,797","1,258","13,320","11,144","15,117","12,402",,,
1630,0,0,0,0,326,280,0,0,0,0,"1,797","1,258","8,493","6,958","10,616","8,496",,,
1631,0,0,0,0,0,0,0,0,0,0,"2,779","1,945","8,951","7,192","11,730","9,137",,,
1632,0,0,0,0,0,0,0,0,0,0,"2,779","1,945","8,951","7,192","11,730","9,137",,,
1633,381,331,0,0,0,0,0,0,0,0,"2,779","1,945","9,298","7,492","12,459","9,768",,,
1634,0,0,0,0,0,0,0,0,0,0,"2,779","1,945","8,951","7,192","11,730","9,137",,,
1635,0,0,0,0,0,0,0,0,0,0,"2,779","1,945","8,951","7,192","11,730","9,137",,,
1636,0,0,0,0,0,0,0,0,0,0,"2,239","1,567","9,403","7,672","11,641","9,239",,,
1637,0,0,0,0,"1,299","1,229",0,0,0,0,"2,239","1,567","8,411","6,813","11,948","9,609",,,
1638,0,0,0,0,"1,723","1,508",0,0,0,0,"2,239","1,567","8,411","6,813","12,372","9,888",,,
1639,0,0,0,0,"1,920","1,590",0,0,0,0,"2,239","1,567","8,693","6,890","12,852","10,047",,,
1640,0,0,0,0,"1,510","1,289",0,0,0,0,"2,239","1,567","8,411","6,813","12,159","9,669",,,
1641,949,741,0,0,"1,935","1,606",0,0,150,130,"2,239","1,567","6,239","4,967","11,511","9,011",,,
1642,"1,722","1,419",0,0,"3,128","2,400",0,0,0,0,889,667,"4,000","3,400","9,739","7,886",,,
1643,0,0,366,293,"6,203","5,009",0,0,0,0,889,667,"4,325","3,659","11,783","9,628",,,
1644,"5,530","4,616",565,469,"6,416","5,387",0,0,0,0,889,667,"4,179","3,558","17,579","14,697",,,
1645,"6,115","4,308",0,0,"4,551","3,719",371,315,0,0,889,667,"4,581","3,871","16,507","12,880",,,
1646,"9,480","7,545",628,545,"1,131",766,0,0,260,212,889,667,"4,000","3,400","16,389","13,136",,,
1647,"5,853","4,498",267,172,7,6,0,0,643,494,889,667,"4,617","3,919","12,275","9,756",,,
1648,"2,103","1,600",0,0,0,0,0,0,0,0,889,667,"4,000","3,400","6,992","5,667",,,
1649,"1,421","1,157",0,0,"1,038",869,0,0,0,0,889,667,"7,361","6,235","10,709","8,927",,,
1650,0,0,0,0,542,448,453,387,0,0,889,667,"8,286","6,993","10,170","8,494",,,
1651,"1,046",378,0,0,0,0,0,0,0,0,"1,350","1,013","10,108","8,354","12,503","9,745",,,
1652,"1,157",848,0,0,"1,919","1,484",0,0,0,0,889,667,"7,631","6,469","11,596","9,468",,,
1653,0,0,0,0,"1,777","1,322",0,0,0,0,889,667,"7,956","6,729","10,622","8,718",,,
1654,"3,043","2,437",0,0,"1,448",931,0,0,0,0,"1,300",975,"7,956","6,729","13,747","11,073",,,
1655,989,792,355,271,"1,512","1,316",0,0,0,0,889,667,"9,480","8,149","13,225","11,195",,,
1656,"6,159","4,118",0,0,"1,300","1,271",0,0,0,0,"1,516","1,137","10,721","9,139","19,696","15,666",,,
1657,"3,211","2,492",0,0,"3,028","2,101",0,0,325,259,889,667,"9,986","8,269","17,439","13,788",,,
1658,"9,139","7,545",0,0,"3,771","3,010",0,0,0,0,889,667,"9,926","8,504","23,724","19,725",,,
1659,989,792,351,268,"7,011","5,427",0,0,0,0,889,667,"9,688","8,315","18,928","15,470",,,
1660,989,792,0,0,"4,216","3,492",0,0,328,285,889,667,"9,306","8,010","15,728","13,246",,,
1661,"5,420","3,965",0,0,"4,106","3,298",0,0,0,0,889,667,"9,431","8,110","19,847","16,039",,,
1662,"4,864","3,951",0,0,"2,339","2,116",0,0,0,0,889,667,"9,456","8,130","17,549","14,863",,,
1663,"3,058","2,300",0,0,"3,618","2,974",0,0,0,0,0,0,"10,269","8,796","16,946","14,071",,,
1664,"11,533","8,800",351,268,"5,260","4,373",0,0,0,0,0,0,"9,306","8,010","26,451","21,451",,,
1665,"10,223","7,800",0,0,"2,634","2,215",0,0,0,0,0,0,"9,306","8,010","22,162","18,026",,,
1666,"7,602","5,800",702,536,"1,491","1,285",0,0,0,0,0,0,"12,824","11,021","22,619","18,642",,,
1667,"4,063","3,100",351,268,"4,231","3,515",0,0,0,0,0,0,"12,956","11,168","21,601","18,052",,,
1668,"10,747","8,200",0,0,"6,877","5,636",0,0,0,0,0,0,"12,730","10,973","30,354","24,809",,,
1669,"6,946","5,300",0,0,"11,476","9,400",0,0,0,0,0,0,"10,883","9,332","29,305","24,032",,,
1670,"3,014","2,300","1,108",863,"6,558","5,395",0,0,0,0,0,0,"12,025","10,366","22,705","18,924",,,
1671,"5,767","4,400","1,336","1,020","9,964","8,200",0,0,0,0,0,0,"6,515","5,611","23,582","19,231",,,
1672,"3,932","3,000","1,518","1,158","5,458","4,649",0,0,0,0,0,0,"7,544","6,361","18,452","15,169",,,
1673,"3,801","2,900",351,268,"4,001","2,921",0,0,0,0,0,0,"10,084","8,710","18,237","14,799",,,
1674,"4,849","3,700",0,0,"3,926","3,368",0,0,0,0,330,264,"10,142","8,757","19,247","16,089",,,
1675,"9,830","7,500",702,536,"2,604","2,226",0,0,0,0,104,72,"10,084","8,710","23,323","19,044",,,
1676,"8,781","6,700",0,0,"4,345","3,822",0,0,0,0,0,0,"10,084","8,710","23,210","19,232",,,
1677,"5,111","3,900","1,097",837,"3,648","3,340",0,0,0,0,960,807,"10,084","8,710","20,901","17,594",,,
1678,"11,402","8,700",702,536,"1,634","1,378",66,56,0,0,"1,406","1,100","9,064","7,843","24,275","19,612",,,
1679,"7,602","5,800","3,365","2,652","3,286","2,766",371,315,316,247,801,625,"9,711","8,303","25,453","20,709",,,
1680,"10,616","8,100",81,74,"5,088","4,527",186,158,0,0,400,313,"9,347","8,093","25,718","21,265",,,
1681,"16,252","12,400","1,405","1,072","5,556","4,732",453,193,0,0,"1,493","1,199","9,064","7,843","34,223","27,439",,,
1682,"13,499","10,300","2,337","1,783","3,024","2,671",0,0,0,0,0,0,"9,064","7,843","27,925","22,597",,,
1683,"17,300","13,200","1,405","1,072","3,791","3,165",0,0,584,254,0,0,"9,064","7,843","32,144","25,534",,,
1684,"9,961","7,600","1,125",858,"3,128","2,835",0,0,0,0,0,0,"8,536","7,487","22,749","18,780",,,
1685,"11,009","8,400","1,214",926,"5,393","4,572",300,208,0,0,400,313,"10,181","9,000","28,498","23,419",,,
1686,"11,927","9,100","1,727","1,340","3,761","3,171",0,0,250,200,0,0,"5,385","4,829","23,049","18,640",,,
1687,"12,713","9,700","1,405","1,072","6,912","6,043",221,153,599,480,0,0,"7,107","6,340","28,957","23,787",,,
1688,"8,650","6,600","2,093","1,659","5,867","5,141",0,0,"1,336","1,066",0,0,"8,130","7,220","26,076","21,685",,,
1689,"7,733","5,900",842,690,"2,580","2,312",0,0,0,0,0,0,"9,064","8,071","20,219","16,973",,,
1690,"3,141","2,430",728,556,467,394,0,0,958,767,400,313,"11,015","9,723","16,710","14,182",,,
1691,"7,995","6,100",570,435,"3,462","3,189",0,0,"1,157",941,0,0,"12,568","11,069","25,752","21,734",,,
1692,"11,664","8,900",0,0,"1,771","1,493",0,0,"3,017","2,416",0,0,"11,996","10,599","28,448","23,408",,,
1693,"9,174","7,000","1,646","1,256","3,197","2,806",227,193,"4,831","4,007",0,0,"6,908","6,146","25,983","21,408",,,
1694,"10,223","7,800",364,278,"3,128","2,759",0,0,"2,514","2,199",0,0,"7,193","6,416","23,422","19,452",,,
1695,"8,650","6,600",518,312,"1,822","1,495",227,193,"1,011",810,0,0,"12,065","10,699","24,292","20,110",,,
1696,"7,975","6,522",369,358,"1,169",999,0,0,"3,033","2,390",0,0,"17,461","15,567","30,007","25,836",,,
1697,"10,180","7,815",194,148,"2,253","2,004",227,193,363,290,0,0,"23,887","21,403","37,103","31,853",,,
1698,"9,384","7,392","2,434","1,857","3,913","3,477","1,011",855,"1,693","1,268",0,0,"28,973","25,638","47,409","40,487",,,
1699,"16,178","12,145","1,821","1,060","3,884","3,327",0,0,"2,777","2,183",0,0,"18,308","16,295","42,967","35,011",,,
1700,"25,069","19,326","2,046","1,432","2,768","2,461",38,31,"1,242",857,0,0,"22,415","20,034","53,578","44,142",,,
1701,"26,773","21,846","2,426","1,851","7,606","6,665",0,0,718,575,0,0,"18,240","16,338","55,762","47,275",,,
1702,"22,766","18,613","1,054",804,"3,147","2,640",0,0,476,381,0,0,"18,273","16,333","45,715","38,771",,,
1703,"10,154","8,708","4,203","2,990","1,620","1,352",0,0,258,207,0,0,"18,241","16,240","34,477","29,497",,,
1704,"16,036","13,255","2,095","1,261","2,175","1,950",0,0,349,295,0,0,"16,540","14,798","37,196","31,559",,,
1705,"13,909","11,360","5,049","3,032","4,829","4,070",37,30,820,0,0,0,"13,810","12,287","38,454","30,779",,,
1706,"13,233","11,257",914,761,"1,966","1,710",0,0,0,0,0,0,"15,434","13,836","31,547","27,564",,,
1707,"7,982","6,745","1,599","1,237","4,476","3,650",0,0,447,393,0,0,"25,349","22,685","39,851","34,710",,,
1708,"18,066","15,105","2,373","1,723","3,375","2,575",0,0,0,0,0,0,"16,112","14,473","39,926","33,876",,,
1709,"9,388","7,792","2,632","2,008","2,610","2,255",0,0,442,39,0,0,"17,043","15,315","32,115","27,410",,,
1710,"13,584","11,190","4,851","3,696","3,785","3,297",83,66,806,692,0,0,"16,100","14,369","39,209","33,309",,,
1711,"13,467","11,254","3,382","2,686","2,272","1,993",83,66,0,0,0,0,"17,077","15,169","36,282","31,169",,,
1712,"11,127","9,341","2,688","2,097","2,066","1,761",120,96,0,0,0,0,"18,245","16,245","34,247","29,540",,,
1713,"14,303","11,584","4,376","3,401",596,485,0,0,0,0,0,0,"22,639","20,093","41,914","35,564",,,
1714,"16,565","13,946","9,441","6,743","2,778","2,331",0,0,171,153,0,0,"20,765","18,422","49,720","41,595",,,
1715,"16,109","13,469","10,173","8,079","2,945","2,238",212,48,265,212,0,0,"19,115","17,013","48,820","41,058",,,
1716,"14,640","11,694","7,983","5,895","2,780","2,552",65,54,0,0,0,0,"21,453","18,971","46,921","39,166",,,
1717,"19,528","15,506","5,130","4,228","2,839","2,516",657,553,0,0,0,0,"19,660","17,433","47,814","40,236",,,
1718,"22,916","18,996","4,684","3,833","1,615","1,224",456,383,216,164,0,0,"22,113","19,490","52,001","44,090",,,
1719,"22,206","18,145","5,429","4,688","2,986","2,351",274,226,0,0,0,0,"17,550","15,612","48,445","41,023",,,
1720,"16,555","13,861","6,993","5,653","1,587","1,360",154,126,0,0,0,0,"21,311","18,802","46,599","39,802",,,
1721,"14,830","12,215","8,863","7,637","1,595","1,355",0,0,0,0,0,0,"15,517","13,766","40,805","34,972",,,
1722,"14,404","12,102","10,370","8,762","2,806","2,028",186,158,206,201,0,0,"15,518","13,759","43,490","37,009",,,
1723,"15,656","13,069","3,425","2,849","3,415","3,076",104,87,0,0,0,0,"17,376","15,384","39,976","34,465",,,
1724,"23,098","19,029","5,294","4,435","3,416","2,979",0,0,657,570,0,0,"27,985","24,910","60,450","51,923",,,
1725,"23,314","18,925","5,514","5,008","4,530","4,067",846,719,0,0,0,0,"21,406","19,104","55,611","47,825",,,
1726,"25,050","20,834","6,759","5,508","4,829","3,816",860,736,0,0,0,0,"24,418","21,651","61,916","52,545",,,
1727,"21,589","17,809","7,585","6,240","3,772","3,323",334,287,519,437,0,0,"24,619","21,762","58,418","49,858",,,
1728,"24,688","20,122","7,592","6,612","1,957","1,757",954,818,55,32,0,0,"22,482","19,968","57,729","49,309",,,
1729,"31,945","25,829","9,721","8,233","3,417","2,822","1,520","1,267",126,126,0,0,"19,089","16,858","65,818","55,135",,,
1730,"31,599","26,235","9,231","7,849","2,056","1,789",562,249,0,0,0,0,"18,522","16,410","61,970","52,532",,,
1731,"30,486","25,273","7,747","6,316","2,381","1,948","1,147",964,55,55,0,0,"20,253","17,753","62,069","52,309",,,
1732,"30,162","24,373","8,128","6,444","3,571","2,929","2,437","1,708",120,115,0,0,"15,916","14,029","60,334","49,598",,,
1733,"20,094","16,690","7,164","6,020","3,631","3,164","1,726","1,343",443,242,0,0,"19,490","17,243","52,548","44,702",,,
1734,"21,159","17,767","4,269","3,753","4,679","3,909",676,574,266,214,0,0,"23,503","20,719","54,553","46,936",,,
1735,"16,725","14,072","7,346","6,169","5,017","3,690","1,228","1,051",0,0,0,0,"22,195","19,499","52,512","44,480",,,
1736,"22,114","17,631","6,729","5,478","3,900","3,449","2,888","2,380",178,128,0,0,"22,477","19,810","58,287","48,876",,,
1737,"33,688","28,278","10,086","7,776","1,903","1,766","2,057","1,663",0,0,0,0,"19,630","17,303","67,365","56,786",,,
1738,"18,786","15,656","12,371","10,154","1,828",921,"1,660","1,409",13,12,0,0,"20,111","17,684","54,769","45,835",,,
1739,"28,969","24,120","17,632","13,913","1,992","1,711","2,176","1,785",50,25,0,0,"17,893","15,788","68,713","57,341",,,
1740,"21,742","17,677","19,258","16,367",555,484,"1,511","1,272",53,52,0,0,"19,704","17,447","62,823","53,299",,,
1741,"19,529","15,951","22,871","19,422","3,025","2,713","1,320","1,121",0,0,0,0,"15,325","13,477","62,071","52,683",,,
1742,"15,515","12,384","18,192","15,132","2,363","2,147","1,139",841,63,61,0,0,"24,471","21,609","61,743","52,173",,,
1743,"13,990","11,777","18,664","16,530","3,802","3,413","1,399","1,185",0,0,0,0,"18,848","16,644","56,702","49,549",,,
1744,"19,723","16,491","17,900","15,462","4,194","3,793","1,297","1,094",119,113,0,0,"26,786","23,467","70,018","60,419",,,
1745,"6,921","5,851","3,842","3,519","4,600","4,077",495,420,0,0,0,0,"19,754","17,383","35,612","31,250",,,
1746,"10,247","8,596",0,0,"3,946","3,549",747,484,307,267,0,0,"19,966","17,590","35,213","30,485",,,
1747,"21,816","17,344",781,666,"4,874","4,341",836,708,641,557,0,0,"25,062","22,131","54,010","45,747",,,
1748,"22,420","18,068","3,527","3,026","3,454","3,074","1,220",918,356,330,0,0,"23,527","20,408","54,505","45,824",,,
1749,"23,859","19,698","13,218","11,110","4,320","3,917","1,370","1,140","1,080",768,0,0,"22,022","18,963","65,869","55,597",,,
1750,"21,214","16,758","18,481","14,513","3,029","2,770","2,451","2,085",349,286,0,0,"22,127","19,423","67,650","55,836",,,
1751,"20,119","16,368","15,892","13,504","3,376","2,789","3,568","3,009",514,477,0,0,"18,605","16,711","62,074","52,858",,,
1752,"25,945","21,076","16,878","14,246","2,698","2,429","2,147","1,822","1,007",814,284,251,"23,142","20,781","72,101","61,420",,,
1753,"25,329","20,924","16,178","14,302","2,094","1,828","2,070","1,749",697,448,0,0,"24,159","21,752","70,527","61,003",,,
1754,"27,497","23,000","19,344","15,388","5,537","4,920","1,713","1,283",583,498,0,0,"19,883","17,709","74,556","62,797",,,
1755,"31,210","25,823","22,739","19,719","3,888","3,428","2,768","2,339",252,217,0,0,"21,071","18,872","81,927","70,398",,,
1756,"23,840","20,098","7,710","6,910","4,822","4,367","1,810","1,238","1,127",943,0,0,"25,669","23,026","64,978","56,582",,,
1757,"20,490","16,435",386,329,"4,276","3,561","2,988","2,561","1,133",978,0,0,"22,091","19,750","51,363","43,614",,,
1758,"23,714","19,953",0,0,"6,568","5,996","2,161","1,811",649,561,0,0,"22,320","19,999","55,413","48,319",,,
1759,"23,445","19,466",0,0,"4,845","4,429","1,773","1,520",997,850,0,0,"19,932","17,919","50,991","44,184",,,
1760,"33,757","27,793",0,0,"2,940","2,689","2,068","1,710","1,191","1,012",0,0,"18,760","16,943","58,716","50,147",,,
1761,"36,924","28,965",0,0,"5,136","4,502","3,873","3,073","1,064",895,0,0,"21,263","19,119","68,261","56,555",,,
1762,"28,313","22,530",0,0,"5,874","5,330","3,400","2,880","1,734","1,458",0,0,"20,367","18,263","59,689","50,462",,,
1763,"28,671","23,727","2,036","1,767","6,198","5,623","4,128","3,473",0,0,0,0,"18,857","17,073","59,890","51,663",,,
1764,"40,816","34,399","17,395","15,262","5,224","4,647","5,209","4,238",509,451,0,0,"16,785","14,828","85,939","73,824",,,
1765,"36,370","30,566","17,872","14,969","6,607","6,005","4,579","3,739",569,498,0,0,"26,247","23,695","92,243","79,472",,,
1766,"42,432","34,684","21,835","17,196","6,009","5,327","2,923","2,488",0,0,822,707,"24,024","21,721","98,046","82,124",,,
1767,"34,123","28,028","20,100","16,475","6,926","5,870","3,552","2,862",233,201,"1,129",918,"23,514","21,215","89,577","75,570",,,
1768,"33,862","27,665","19,130","17,079","5,648","5,064","2,575","2,212","1,017",892,"1,261","1,106","21,039","19,054","84,532","73,072",,,
1769,"36,781","30,406","18,406","16,012","5,377","4,942","3,319","2,849",295,254,743,652,"19,337","17,589","84,259","72,705",,,
1770,"42,493","33,649","21,440","18,484","6,797","6,130","3,889","3,369",688,606,0,0,"19,607","17,774","94,914","80,013",,,
1771,"42,058","35,007","13,840","11,785","8,249","7,296","3,816","3,306",536,449,0,0,"19,189","17,384","87,689","75,227",,,
1772,"42,528","35,094","19,783","17,221","6,878","6,090","4,869","4,004",987,843,0,0,"20,534","18,636","95,579","81,887",,,
1773,"38,970","31,040","17,014","14,922","6,418","5,654","5,652","4,835",709,595,0,0,"19,970","18,138","88,733","75,184",,,
1774,"46,703","38,892","19,407","16,765","5,282","4,735","6,717","5,714",414,355,0,0,"19,969","18,274","98,493","84,735",,,
1775,"45,658","36,875","18,534","16,147","4,663","4,211","3,016","2,540",596,418,0,0,"20,445","18,817","92,911","79,008",,,
1776,"38,216","33,478","24,336","21,621","2,419","2,166",603,510,156,153,0,0,"20,488","18,970","86,218","76,898",,,
1777,"21,929","19,982","25,642","22,567","3,841","3,458",0,0,0,0,0,0,"15,433","14,240","66,845","60,247",,,
1778,"10,267","9,321","23,281","20,350","2,569","2,338",165,140,643,551,0,0,"23,437","21,806","60,361","54,506",,,
1779,"7,572","6,985","2,922","2,275","3,361","3,001",0,0,"2,003","1,702",0,0,"21,899","20,203","37,757","34,165",,,
1780,"7,419","6,817",0,0,"4,031","3,596",0,0,497,458,0,0,"27,747","25,839","39,694","36,711",,,
1781,"12,659","11,364",372,321,"2,339","2,113",0,0,"2,792","2,237",0,0,"30,346","28,067","48,509","44,101",,,
1782,"17,904","15,522","3,422","3,066",630,579,318,270,"2,942","2,564",0,0,"27,187","25,197","52,403","47,198",,,
1783,"22,624","20,302","10,238","8,877",790,699,"1,121",939,"1,494","1,020",0,0,"25,995","24,097","62,261","55,934",,,
1784,"40,467","36,758","30,610","27,094","3,264","2,881","1,113",931,"3,620","2,959",0,0,"25,287","23,654","104,360","94,278",,,
1785,"31,660","28,682","31,724","26,829","2,842","2,309","2,763","2,388","2,890","2,230",0,0,"23,274","21,741","95,153","84,179",,,
1786,"29,973","25,783","35,343","30,172",889,250,"1,967","1,585","1,123",923,0,0,"26,233","24,488","95,527","83,201",,,
1787,"29,323","26,337","42,329","34,649","1,667","1,495","2,406","2,083","1,039",948,0,0,"24,544","22,728","101,308","88,239",,,
1788,"36,418","32,335","38,870","32,460","1,189","1,049",995,835,662,614,274,228,"25,631","23,747","104,039","91,268",,,
1789,"29,125","25,813","36,586","31,082","1,218",946,"2,548","2,142","1,395","1,073",0,0,"21,542","20,000","92,415","81,056",,,
1790,"27,122","24,569","54,402","45,905","1,944","1,391","3,101","2,648",350,300,236,197,"24,891","23,132","112,046","98,140",,,
1791,"40,666","36,204","36,981","31,247","2,233","1,991","2,984","2,537",350,300,397,368,"23,965","22,227","107,576","94,873",,,
1792,"45,540","39,939","25,569","21,992","1,828","1,631","6,259","5,253",350,300,"2,236","1,961","33,735","30,871","115,518","101,946",,,
1793,"46,235","42,191","10,003","8,234","2,925","2,595","5,002","3,650",447,431,803,740,"34,151","31,782","99,566","89,623",,,
1794,"27,457","25,238",326,280,212,183,"3,991","3,339",679,594,67,62,"34,742","31,849","67,473","61,545",,,
1795,"24,896","23,475",0,0,577,535,"5,364","4,720","1,385","1,219",963,877,"36,053","33,517","69,238","64,344",,,
1796,"29,259","27,243",0,0,0,0,"7,594","6,496","1,910","1,702",0,0,"29,471","26,396","68,234","61,837",,,
1797,"32,638","29,550",107,98,0,0,"6,146","5,167","2,305","2,030",590,489,"33,369","30,610","75,155","67,945",,,
1798,"40,469","37,431",0,0,0,0,"2,187","1,935","2,921","2,353",284,280,"25,404","23,554","71,266","65,553",,,
1799,"49,898","44,841",0,0,0,0,"4,913","4,149","3,099","2,809",498,334,"29,675","27,669","88,083","79,802",,,
1800,"48,869","43,427",0,0,0,0,"5,912","4,886","4,149","3,747",67,65,"27,311","25,403","86,309","77,528",,,
1801,"41,535","36,978",0,0,0,0,"2,712","2,329","2,210","1,950",763,670,"32,003","29,444","79,224","71,371",,,
1802,"48,045","43,256","2,475","2,133",303,279,"5,606","4,913","5,222","4,648",663,560,"36,627","33,025","98,943","88,813",,,
1803,"43,173","38,620","7,519","6,771",994,925,"6,723","5,513","3,607","3,040","2,708","2,359","32,996","29,725","97,719","86,954",,,
1804,"34,799","31,109",873,772,0,0,"11,268","8,725","1,576","1,419",193,104,"39,968","35,765","88,678","77,893",,,
1805,"32,738","29,148",0,0,0,0,"15,326","12,689","2,129","1,870",816,714,"38,337","34,650","89,346","79,072",,,
1806,"38,234","34,297",0,0,0,0,"20,874","17,280","1,477","1,339",0,0,"41,580","36,428","102,165","89,344",,,
1807,"36,127","31,898",0,0,0,0,"36,216","29,675",94,86,0,0,"40,138","35,376","112,574","97,035",,,
1808,"8,960","8,075",77,67,303,279,"3,151","2,586",0,0,0,0,"30,335","26,548","42,826","37,554",,,
1809,18,18,0,0,3,3,500,410,0,0,993,871,"38,423","34,027","39,937","35,329",,,
1810,310,279,0,0,0,0,"1,551","1,381",0,0,"7,283","6,490","62,983","55,955","72,127","64,106",,,
1811,0,0,0,0,0,0,776,500,0,0,"8,520","7,637","48,657","44,065","57,953","52,202",,,
1812,0,0,0,0,0,0,500,410,0,0,"4,657","4,130","55,317","49,516","60,474","54,056",,,
1813,0,0,0,0,0,0,500,410,0,0,"3,120","2,866","47,078","42,587","50,698","45,862",,,
1814,0,0,636,524,0,0,500,410,0,0,"4,665","4,140","48,134","44,062","53,935","49,136",,,
1815,0,0,"3,807","3,371",0,0,500,410,0,0,"8,536","7,838","46,824","41,773","59,668","53,392",,,
1816,0,0,"2,447","2,128",0,0,500,410,0,0,"22,077","20,237","51,819","46,878","76,842","69,652",,,
1817,0,0,"4,822","4,236",0,0,500,410,0,0,"29,022","26,452","54,406","48,962","88,750","80,061",,,
1818,0,0,"4,782","4,068",0,0,500,410,0,0,"21,391","19,533","60,760","54,497","87,432","78,508",,,
1819,0,0,"6,668","5,745",32,32,500,410,0,0,"16,592","15,084","52,682","46,776","76,474","68,046",,,
1820,0,0,"15,570","13,309",702,644,500,410,0,0,"5,656","4,924","51,178","44,500","73,606","63,787",,,
1821,0,0,"16,240","13,993",0,0,161,141,0,0,"4,342","3,848","54,064","47,039","74,807","65,021",,,
1822,0,0,"21,618","18,555",180,179,0,0,0,0,"2,907","2,135","63,105","56,320","87,810","77,189",,,
1823,0,0,"8,618","7,289",0,0,0,0,0,0,"2,231","2,018","39,945","36,160","50,794","45,467",,,
1824,0,0,"16,627","14,538",0,0,186,158,0,0,"5,364","4,807","43,845","39,696","66,021","59,199",,,
1825,0,0,"23,025","20,471",150,134,0,0,0,0,"15,589","13,951","49,397","43,570","88,161","78,126",,,
1826,0,0,"23,862","20,520",0,0,0,0,0,0,"7,000","6,490","66,333","61,467","97,196","88,477",,,
1827,0,0,"12,863","10,929",0,0,440,406,0,0,"10,477","9,433","68,928","61,817","92,708","82,585",,,
1828,0,0,"9,436","7,997",0,0,0,0,0,0,"14,983","13,494","68,299","62,073","92,718","83,565",,,
1829,0,0,"10,412","9,177",356,325,"1,410","1,256",0,0,"22,854","19,028","82,611","76,144","117,643","105,930",,,
1830,0,0,"9,889","8,622",0,0,0,0,0,0,"20,100","18,417","57,893","51,624","87,881","78,664",,,
1831,0,0,"1,609","1,334",0,0,0,0,0,0,"16,930","15,561","6,813","5,877","25,352","22,772",,,
1832,0,0,0,0,0,0,0,0,0,0,"18,078","16,378","11,249","9,398","29,327","25,776",,,
1833,0,0,0,0,0,0,0,0,0,0,"17,673","15,954","16,549","13,450","34,221","29,404",,,
1834,0,0,0,0,0,0,0,0,0,0,"23,227","20,700","23,305","18,904","46,532","39,604",,,
1835,0,0,0,0,0,0,0,0,0,0,"34,723","30,996","46,529","37,522","81,252","68,518",,,
1836,0,0,0,0,0,0,0,0,0,0,"31,529","27,989","70,785","57,115","102,314","85,104",,,
1837,0,0,0,0,0,0,0,0,0,0,"26,413","23,548","76,951","62,021","103,364","85,569",,,
1838,0,0,0,0,0,0,0,0,0,0,"29,567","25,129","70,883","57,210","100,451","82,339",,,
1839,0,0,0,0,0,0,0,0,0,0,"25,700","22,397","72,696","58,966","98,397","81,363",,,
1840,0,0,0,0,0,0,0,0,0,0,"22,011","19,221","43,066","37,930","65,077","57,151",,,
1841,0,0,0,0,0,0,0,0,0,0,"18,432","16,090","32,885","28,701","51,317","44,791",,,
1842,0,0,0,0,0,0,0,0,0,0,"6,853","5,988","31,083","27,349","37,937","33,337",,,
1843,0,0,0,0,0,0,0,0,0,0,"10,022","8,986","45,024","36,320","55,047","45,306",,,
1844,0,0,0,0,0,0,0,0,0,0,"12,276","11,005","36,510","30,186","48,786","41,191",,,
1845,0,0,0,0,0,0,0,0,0,0,"4,999","4,395","28,832","23,795","33,830","28,191",,,
1846,0,0,0,0,0,0,0,0,0,0,"1,519","1,424","66,190","54,239","67,709","55,664",,,
1847,0,0,0,0,0,0,0,0,0,0,"4,083","3,623","80,155","65,653","84,238","69,276",,,
1848,0,0,0,0,0,0,0,0,0,0,"5,049","4,476","81,240","66,336","86,289","70,812",,,
1849,0,0,0,0,0,0,0,0,0,0,"10,906","9,332","74,150","60,682","85,057","70,014",,,
1850,0,0,0,0,0,0,0,0,0,0,"5,325","4,756","41,005","34,239","46,330","38,995",,,
1851,0,0,0,0,0,0,0,0,0,0,"9,246","8,045","7,555","6,014","16,801","14,060",,,
1852,0,0,0,0,0,0,0,0,0,0,"9,308","8,098","1,234",984,"10,542","9,081",,,
1853,0,0,0,0,0,0,0,0,0,0,"17,802","15,455",0,0,"17,802","15,455",,,
1854,0,0,0,0,0,0,0,0,0,0,"14,819","12,706",0,0,"14,819","12,706",,,
1855,0,0,0,0,0,0,0,0,0,0,"6,396","5,343",0,0,"6,396","5,343",,,
1856,0,0,0,0,0,0,0,0,0,0,"8,160","7,008",520,320,"8,680","7,328",,,
1857,0,0,0,0,0,0,0,0,0,0,"15,225","12,559",0,0,"15,225","12,559",,,
1858,0,0,0,0,0,0,350,303,0,0,"19,286","15,702",0,0,"19,636","16,005",,,
1859,0,0,0,0,0,0,0,0,0,0,"34,785","28,369",0,0,"34,785","28,369",,,
1860,0,0,0,0,0,0,126,110,0,0,"26,605","22,106",0,0,"26,731","22,216",,,
1861,0,0,0,0,0,0,0,0,0,0,"24,395","20,804",0,0,"24,395","20,804",,,
1862,0,0,0,0,0,0,0,0,0,0,"14,227","11,904",0,0,"14,227","11,904",,,
1863,0,0,0,0,0,0,0,0,0,0,"7,774","6,955",0,0,"7,774","6,955",,,
1864,0,0,0,0,0,0,0,0,0,0,"4,653","3,895",0,0,"4,653","3,895",,,
1865,0,0,0,0,0,0,0,0,0,0,"2,265","1,855",0,0,"2,265","1,855",,,
1866,0,0,0,0,0,0,0,0,0,0,877,722,0,0,877,722,,,
1867,0,0,0,0,0,0,0,0,0,0,0,0,0,0,0,0,,,
,"3,259,411","2,733,330","1,381,397","1,164,972","554,336","475,258","305,347","252,658","111,026","91,743","1,061,501","884,890","5,836,255","5,092,791","12,509,272","10,695,641",,,
,,,,,,,,,,,,,,,,,,,
,,,,,,,,,,,,,,,,,,,
,,,,,,,,,,,,,,,,,,,
,,,,,,,,,,,,,,,,,,,
,,,,,,,,,,,,,,,,,,,
,,,,,,,,,,,,,,,,,,,
,,,,,,,,,,,,,,,,,,,
,,,,,,,,,,,,,,,,,,,
,,,,,,,,,,,,,,,,,,,
,,,,,,,,,,,,,,,,,,,
,,,,,,,,,,,,,,,,,,,
,,,,,,,,,,,,,,,,,,,
,,,,,,,,,,,,,,,,,,,
,,,,,,,,,,,,,,,,,,,
,,,,,,,,,,,,,,,,,,,
,,,,,,,,,,,,,,,,,,,
,,,,,,,,,,,,,,,,,,,
,,,,,,,,,,,,,,,,,,,
,,,,,,,,,,,,,,,,,,,
,,,,,,,,,,,,,,,,,,,
,,,,,,,,,,,,,,,,,,,
,,,,,,,,,,,,,,,,,,,
,,,,,,,,,,,,,,,,,,,
,,,,,,,,,,,,,,,,,,,
,,,,,,,,,,,,,,,,,,,
,,,,,,,,,,,,,,,,,,,
,,,,,,,,,,,,,,,,,,,
,,,,,,,,,,,,,,,,,,,
,,,,,,,,,,,,,,,,,,,
,,,,,,,,,,,,,,,,,,,
,,,,,,,,,,,,,,,,,,,
,,,,,,,,,,,,,,,,,,,
,,,,,,,,,,,,,,,,,,,
,,,,,,,,,,,,,,,,,,,
,,,,,,,,,,,,,,,,,,,
,,,,,,,,,,,,,,,,,,,
,,,,,,,,,,,,,,,,,,,
,,,,,,,,,,,,,,,,,,,
,,,,,,,,,,,,,,,,,,,
,,,,,,,,,,,,,,,,,,,
,,,,,,,,,,,,,,,,,,,
,,,,,,,,,,,,,,,,,,,
,,,,,,,,,,,,,,,,,,,
,,,,,,,,,,,,,,,,,,,
,,,,,,,,,,,,,,,,,,,
,,,,,,,,,,,,,,,,,,,
,,,,,,,,,,,,,,,,,,,
,,,,,,,,,,,,,,,,,,,
,,,,,,,,,,,,,,,,,,,
,,,,,,,,,,,,,,,,,,,
,,,,,,,,,,,,,,,,,,,
,,,,,,,,,,,,,,,,,,,
,,,,,,,,,,,,,,,,,,,
,,,,,,,,,,,,,,,,,,,
,,,,,,,,,,,,,,,,,,,
,,,,,,,,,,,,,,,,,,,
,,,,,,,,,,,,,,,,,,,
,,,,,,,,,,,,,,,,,,,
,,,,,,,,,,,,,,,,,,,
,,,,,,,,,,,,,,,,,,,
,,,,,,,,,,,,,,,,,,,
,,,,,,,,,,,,,,,,,,,
,,,,,,,,,,,,,,,,,,,
,,,,,,,,,,,,,,,,,,,
,,,,,,,,,,,,,,,,,,,
,,,,,,,,,,,,,,,,,,,
,,,,,,,,,,,,,,,,,,,
,,,,,,,,,,,,,,,,,,,
,,,,,,,,,,,,,,,,,,,
,,,,,,,,,,,,,,,,,,,
,,,,,,,,,,,,,,,,,,,
,,,,,,,,,,,,,,,,,,,
,,,,,,,,,,,,,,,,,,,
,,,,,,,,,,,,,,,,,,,
,,,,,,,,,,,,,,,,,,,
,,,,,,,,,,,,,,,,,,,
,,,,,,,,,,,,,,,,,,,
,,,,,,,,,,,,,,,,,,,
,,,,,,,,,,,,,,,,,,,
,,,,,,,,,,,,,,,,,,,
,,,,,,,,,,,,,,,,,,,
,,,,,,,,,,,,,,,,,,,
,,,,,,,,,,,,,,,,,,,
,,,,,,,,,,,,,,,,,,,
,,,,,,,,,,,,,,,,,,,
,,,,,,,,,,,,,,,,,,,
,,,,,,,,,,,,,,,,,,,
,,,,,,,,,,,,,,,,,,,
,,,,,,,,,,,,,,,,,,,
,,,,,,,,,,,,,,,,,,,
,,,,,,,,,,,,,,,,,,,
,,,,,,,,,,,,,,,,,,,
,,,,,,,,,,,,,,,,,,,
,,,,,,,,,,,,,,,,,,,
,,,,,,,,,,,,,,,,,,,
,,,,,,,,,,,,,,,,,,,
,,,,,,,,,,,,,,,,,,,
,,,,,,,,,,,,,,,,,,,
,,,,,,,,,,,,,,,,,,,
,,,,,,,,,,,,,,,,,,,
,,,,,,,,,,,,,,,,,,,
,,,,,,,,,,,,,,,,,,,
,,,,,,,,,,,,,,,,,,,
,,,,,,,,,,,,,,,,,,,
,,,,,,,,,,,,,,,,,,,
,,,,,,,,,,,,,,,,,,,
,,,,,,,,,,,,,,,,,,,
,,,,,,,,,,,,,,,,,,,
,,,,,,,,,,,,,,,,,,,
,,,,,,,,,,,,,,,,,,,
,,,,,,,,,,,,,,,,,,,
,,,,,,,,,,,,,,,,,,,
,,,,,,,,,,,,,,,,,,,
,,,,,,,,,,,,,,,,,,,
,,,,,,,,,,,,,,,,,,,
,,,,,,,,,,,,,,,,,,,
,,,,,,,,,,,,,,,,,,,
,,,,,,,,,,,,,,,,,,,
,,,,,,,,,,,,,,,,,,,
,,,,,,,,,,,,,,,,,,,
,,,,,,,,,,,,,,,,,,,
,,,,,,,,,,,,,,,,,,,
,,,,,,,,,,,,,,,,,,,
,,,,,,,,,,,,,,,,,,,
,,,,,,,,,,,,,,,,,,,
,,,,,,,,,,,,,,,,,,,
,,,,,,,,,,,,,,,,,,,
,,,,,,,,,,,,,,,,,,,
,,,,,,,,,,,,,,,,,,,
,,,,,,,,,,,,,,,,,,,
,,,,,,,,,,,,,,,,,,,
,,,,,,,,,,,,,,,,,,,
,,,,,,,,,,,,,,,,,,,
,,,,,,,,,,,,,,,,,,,
,,,,,,,,,,,,,,,,,,,
,,,,,,,,,,,,,,,,,,,
,,,,,,,,,,,,,,,,,,,
,,,,,,,,,,,,,,,,,,,
,,,,,,,,,,,,,,,,,,,
,,,,,,,,,,,,,,,,,,,
,,,,,,,,,,,,,,,,,,,
,,,,,,,,,,,,,,,,,,,
,,,,,,,,,,,,,,,,,,,
,,,,,,,,,,,,,,,,,,,
,,,,,,,,,,,,,,,,,,,
,,,,,,,,,,,,,,,,,,,
,,,,,,,,,,,,,,,,,,,
,,,,,,,,,,,,,,,,,,,
,,,,,,,,,,,,,,,,,,,
,,,,,,,,,,,,,,,,,,,
,,,,,,,,,,,,,,,,,,,
,,,,,,,,,,,,,,,,,,,
,,,,,,,,,,,,,,,,,,,
,,,,,,,,,,,,,,,,,,,
,,,,,,,,,,,,,,,,,,,
,,,,,,,,,,,,,,,,,,,
,,,,,,,,,,,,,,,,,,,
,,,,,,,,,,,,,,,,,,,
,,,,,,,,,,,,,,,,,,,
,,,,,,,,,,,,,,,,,,,
,,,,,,,,,,,,,,,,,,,
,,,,,,,,,,,,,,,,,,,
,,,,,,,,,,,,,,,,,,,
,,,,,,,,,,,,,,,,,,,
,,,,,,,,,,,,,,,,,,,
,,,,,,,,,,,,,,,,,,,
,,,,,,,,,,,,,,,,,,,
,,,,,,,,,,,,,,,,,,,
,,,,,,,,,,,,,,,,,,,
,,,,,,,,,,,,,,,,,,,
,,,,,,,,,,,,,,,,,,,
,,,,,,,,,,,,,,,,,,,
,,,,,,,,,,,,,,,,,,,
,,,,,,,,,,,,,,,,,,,
,,,,,,,,,,,,,,,,,,,
,,,,,,,,,,,,,,,,,,,
,,,,,,,,,,,,,,,,,,,
,,,,,,,,,,,,,,,,,,,
,,,,,,,,,,,,,,,,,,,
,,,,,,,,,,,,,,,,,,,
,,,,,,,,,,,,,,,,,,,
,,,,,,,,,,,,,,,,,,,
,,,,,,,,,,,,,,,,,,,
,,,,,,,,,,,,,,,,,,,
,,,,,,,,,,,,,,,,,,,
,,,,,,,,,,,,,,,,,,,
,,,,,,,,,,,,,,,,,,,
,,,,,,,,,,,,,,,,,,,
,,,,,,,,,,,,,,,,,,,
,,,,,,,,,,,,,,,,,,,
,,,,,,,,,,,,,,,,,,,
,,,,,,,,,,,,,,,,,,,
,,,,,,,,,,,,,,,,,,,
,,,,,,,,,,,,,,,,,,,
,,,,,,,,,,,,,,,,,,,
,,,,,,,,,,,,,,,,,,,
,,,,,,,,,,,,,,,,,,,
,,,,,,,,,,,,,,,,,,,
,,,,,,,,,,,,,,,,,,,
,,,,,,,,,,,,,,,,,,,
,,,,,,,,,,,,,,,,,,,